Feature,Pearson Correlation,F-Regression Score,RFE Rank,Lasso Coefficient,Random Forest Importance
numeric__R&D Spend,0.9730295076473606,676.1034669260207,1,37947.567594085,0.9272970093272571
numeric__Marketing Spend,0.7737527642728527,56.69067874632504,2,3457.1230120716436,0.06293013000732253
numeric__Administration,0.09023525158111873,0.3119512559629251,3,-1736.602655420728,0.006870054728218549
state__State_Florida,0.09549061605242211,0.3496900284057378,4,493.90909964692014,0.0016942942290093502
state__State_New York,0.10502771315180127,0.4238465554211522,5,-0.0,0.0012085117081923524
