{
  "model": "Multiple Linear Regression",
  "test_rmse": 9055.95732349781,
  "test_r2": 0.8987266414319838,
  "random_state": 42,
  "training_rows": 40,
  "test_rows": 10
}